{"cameraMode":{"drawMode":0,"name":"Shaded","section":"Shading Mode"},"sceneLighting":false,"audioPlay":false,"sceneViewState":{"showFog":true,"showMaterialUpdate":false,"showSkybox":true,"showFlares":true,"showImageEffects":true,"showParticleSystems":true},"in2DMode":false,"pivot":{"x":0.09490130096673966,"y":0.08815651386976242,"z":-0.056129273027181628},"rotation":{"x":-0.31555765867233279,"y":-0.2009032815694809,"z":0.06854743510484696,"w":-0.9248580932617188},"size":0.04326162859797478,"orthographic":false}